#A8E61D,#D3F9BC,#D3F9BC,#D3F9BC,#D3F9BC,#D3F9BC,#D3F9BC,#D3F9BC,#D3F9BC,#D3F9BC,#D3F9BC,#D3F9BC,#A8E61D,#A8E61D,#A8E61D,#A8E61D,#A8E61D,#A8E61D,#A8E61D,#A8E61D
#D3F9BC,#A8E61D,#D3F9BC,#D3F9BC,#D3F9BC,#D3F9BC,#D3F9BC,#A8E61D,#A8E61D,#D3F9BC,#D3F9BC,#D3F9BC,#A8E61D,#A8E61D,#A8E61D,#A8E61D,#A8E61D,#A8E61D,#A8E61D,#A8E61D
#D3F9BC,#D3F9BC,#D3F9BC,#D3F9BC,#D3F9BC,#D3F9BC,#D3F9BC,#A8E61D,#D3F9BC,#D3F9BC,#D3F9BC,#D3F9BC,#A8E61D,#A8E61D,#A8E61D,#A8E61D,#A8E61D,#A8E61D,#A8E61D,#A8E61D
#D3F9BC,#D3F9BC,#D3F9BC,#D3F9BC,#A8E61D,#D3F9BC,#D3F9BC,#A8E61D,#D3F9BC,#D3F9BC,#D3F9BC,#A8E61D,#A8E61D,#A8E61D,#A8E61D,#A8E61D,#A8E61D,#A8E61D,#A8E61D,#A8E61D
#D3F9BC,#D3F9BC,#D3F9BC,#A8E61D,#D3F9BC,#D3F9BC,#D3F9BC,#D3F9BC,#D3F9BC,#A8E61D,#A8E61D,#A8E61D,#A8E61D,#A8E61D,#A8E61D,#A8E61D,#A8E61D,#A8E61D,#A8E61D,#A8E61D
#D3F9BC,#D3F9BC,#D3F9BC,#D3F9BC,#D3F9BC,#D3F9BC,#D3F9BC,#D3F9BC,#D3F9BC,#A8E61D,#A8E61D,#A8E61D,#A8E61D,#A8E61D,#A8E61D,#22B14C,#22B14C,#22B14C,#A8E61D,#A8E61D
#D3F9BC,#D3F9BC,#D3F9BC,#D3F9BC,#D3F9BC,#D3F9BC,#D3F9BC,#D3F9BC,#D3F9BC,#A8E61D,#A8E61D,#A8E61D,#A8E61D,#A8E61D,#22B14C,#22B14C,#22B14C,#22B14C,#22B14C,#A8E61D
#D3F9BC,#D3F9BC,#D3F9BC,#D3F9BC,#D3F9BC,#D3F9BC,#D3F9BC,#D3F9BC,#D3F9BC,#A8E61D,#A8E61D,#A8E61D,#A8E61D,#A8E61D,#22B14C,#22B14C,#22B14C,#22B14C,#22B14C,#22B14C
#D3F9BC,#D3F9BC,#D3F9BC,#D3F9BC,#A8E61D,#A8E61D,#D3F9BC,#D3F9BC,#A8E61D,#A8E61D,#A8E61D,#A8E61D,#A8E61D,#A8E61D,#A8E61D,#22B14C,#22B14C,#22B14C,#22B14C,#A8E61D
#D3F9BC,#D3F9BC,#D3F9BC,#A8E61D,#A8E61D,#A8E61D,#A8E61D,#A8E61D,#A8E61D,#A8E61D,#A8E61D,#A8E61D,#A8E61D,#A8E61D,#A8E61D,#22B14C,#9C5A3C,#22B14C,#A8E61D,#A8E61D
#D3F9BC,#A8E61D,#A8E61D,#A8E61D,#A8E61D,#A8E61D,#A8E61D,#A8E61D,#A8E61D,#A8E61D,#A8E61D,#A8E61D,#A8E61D,#A8E61D,#A8E61D,#A8E61D,#9C5A3C,#A8E61D,#A8E61D,#A8E61D
#D3F9BC,#A8E61D,#A8E61D,#A8E61D,#A8E61D,#A8E61D,#A8E61D,#A8E61D,#A8E61D,#A8E61D,#A8E61D,#A8E61D,#A8E61D,#A8E61D,#A8E61D,#A8E61D,#9C5A3C,#A8E61D,#A8E61D,#A8E61D
#A8E61D,#A8E61D,#A8E61D,#A8E61D,#A8E61D,#A8E61D,#A8E61D,#A8E61D,#A8E61D,#A8E61D,#A8E61D,#A8E61D,#A8E61D,#A8E61D,#A8E61D,#A8E61D,#9C5A3C,#A8E61D,#A8E61D,#A8E61D
#A8E61D,#A8E61D,#A8E61D,#A8E61D,#A8E61D,#A8E61D,#A8E61D,#A8E61D,#22B14C,#A8E61D,#A8E61D,#A8E61D,#A8E61D,#A8E61D,#A8E61D,#A8E61D,#A8E61D,#A8E61D,#A8E61D,#A8E61D
#A8E61D,#A8E61D,#A8E61D,#A8E61D,#A8E61D,#A8E61D,#A8E61D,#22B14C,#22B14C,#22B14C,#A8E61D,#A8E61D,#A8E61D,#A8E61D,#A8E61D,#A8E61D,#A8E61D,#A8E61D,#A8E61D,#A8E61D
#A8E61D,#A8E61D,#A8E61D,#A8E61D,#A8E61D,#A8E61D,#A8E61D,#22B14C,#22B14C,#22B14C,#A8E61D,#A8E61D,#A8E61D,#A8E61D,#A8E61D,#22B14C,#22B14C,#A8E61D,#A8E61D,#A8E61D
#A8E61D,#A8E61D,#A8E61D,#A8E61D,#A8E61D,#A8E61D,#22B14C,#22B14C,#22B14C,#A8E61D,#A8E61D,#A8E61D,#A8E61D,#A8E61D,#A8E61D,#22B14C,#22B14C,#22B14C,#A8E61D,#A8E61D
#A8E61D,#A8E61D,#A8E61D,#A8E61D,#A8E61D,#A8E61D,#A8E61D,#9C5A3C,#A8E61D,#A8E61D,#A8E61D,#A8E61D,#A8E61D,#A8E61D,#A8E61D,#22B14C,#22B14C,#22B14C,#A8E61D,#A8E61D
#A8E61D,#A8E61D,#A8E61D,#A8E61D,#A8E61D,#A8E61D,#A8E61D,#A8E61D,#A8E61D,#A8E61D,#A8E61D,#A8E61D,#A8E61D,#A8E61D,#A8E61D,#A8E61D,#9C5A3C,#A8E61D,#A8E61D,#A8E61D
#A8E61D,#A8E61D,#A8E61D,#A8E61D,#A8E61D,#A8E61D,#A8E61D,#A8E61D,#A8E61D,#A8E61D,#A8E61D,#A8E61D,#A8E61D,#A8E61D,#A8E61D,#A8E61D,#A8E61D,#A8E61D,#A8E61D,#A8E61D
