#D3F9BC,#D5F8BC,#D3F9BC,#D5FABD,#D5F8BC,#D5F9BD,#D5F9BD,#D5FABE,#D5FABE,#D5F8BA,#D3F9BC,#D3F9BC,#D5FABE,#D3F9BC,#D5F8BC,#D5FABE,#D5FABD,#D5FABE,#D3F9BC,#D3F9BC
#D3F9BC,#D5FABD,#D3F8BA,#A8E61D,#D5F8BC,#D5F8BA,#D5FABD,#D5FABE,#D5F8BA,#D3F9BC,#D3F9BC,#D5FABD,#D5FABE,#D5F9BD,#D5F8BC,#D5FABE,#D3F9BC,#D3F8BA,#D3F8BB,#D4F9BB
#D3F8BA,#D5F8BC,#A8E61D,#D5F8BC,#D5F8BA,#D5F8BA,#D5F8BA,#D5F8BB,#D3F9BC,#D3F9BC,#D3F9BC,#D3F9BC,#D5FABD,#D5FABE,#D3F9BC,#D4F9BB,#D4F8BA,#D4FABC,#D3F9BC,#D5F9BD
#D3F8BA,#D3F8BA,#A8E61D,#22B14C,#D5F9BD,#D5F8BC,#D5F8BA,#D3F9BC,#D3F9BC,#D3F9BC,#D3F9BC,#D3F9BC,#D5FABD,#D5FABE,#A8E61D,#D5F8BC,#D5F8BA,#D5FABE,#D5FABE,#D5FABE
#D5FABE,#D5FABE,#D5FABD,#D5FABE,#D5FABE,#D5F8BA,#D5F9BD,#D5F8BA,#D3F9BC,#D3F9BC,#D3F9BC,#D3F9BC,#D4F8BA,#A8E61D,#A8E61D,#D5FABD,#D5FABE,#D5FABE,#D3F9BC,#D3F9BC
#D5FABE,#D5FABD,#D5FABE,#D5F8BB,#D3F8BA,#D5FABD,#D5FABE,#D5F8BB,#D5FABE,#D3F9BC,#D3F9BC,#D5F8BA,#D5F8BA,#A8E61D,#D5FABE,#D5FABE,#D3F9BC,#D3F9BC,#D5FABE,#D5FABE
#D3F9BC,#D3F9BC,#D3F8BA,#D3F8BA,#D3F8BA,#D5FABE,#D5F8BA,#D5FABD,#D5FABE,#D4FABC,#D4F9BB,#D5FABD,#D5FABE,#A8E61D,#22B14C,#D3F9BC,#D3F9BC,#D5FABD,#D5FABD,#D4FABC
#D3F9BC,#D3F9BC,#D3F8BA,#D5F8BC,#A8E61D,#D5F8BC,#D5F8BA,#D5F8BA,#D5F8BA,#D5F8BA,#D5F8BA,#D5FABE,#D5FABE,#D5FABE,#D3F9BC,#D3F9BC,#D5FABE,#D5FABE,#D4FABC,#D3F8BA
#D5F8BB,#D3F8BB,#D5FABE,#D5FABE,#D3F8BA,#A8E61D,#D5F8BA,#D5F8BA,#A8E61D,#D5FABE,#D5FABE,#D5FABE,#D5FABD,#D3F9BC,#D3F9BC,#D5FABD,#D5FABD,#D4FABC,#D5F8BB,#D3F8BB
#D5FABE,#D5F8BC,#D5F8BB,#D3F8BA,#D3F8BA,#A8E61D,#D5F8BC,#A8E61D,#D5FABE,#D5FABE,#D5F8BA,#D5FABE,#D3F9BC,#D3F9BC,#D5FABD,#D5FABD,#D3F9BC,#D5F8BA,#D5F8BC,#D5FABD
#D5F8BB,#D5F8BA,#D5F8BB,#D3F8BB,#D5FABE,#D5FABE,#D5FABE,#A8E61D,#D5FABE,#D3F9BC,#D5FABD,#D3F8BB,#D3F9BC,#D5FABE,#D5FABE,#D3F9BC,#D5F8BC,#D5F8BC,#D5FABD,#D5FABD
#D5F8BA,#D5F8BC,#D5FABE,#D5FABE,#D5FABD,#D5FABE,#D3F9BC,#D3F9BC,#D3F9BC,#D3F9BC,#D5FABD,#D3F9BC,#D5FABD,#D5FABD,#D3F9BC,#D5F8BB,#D5F9BC,#D5FABE,#D5FABE,#D3F8BB
#D5FABE,#D5FABE,#D5FABD,#D5F8BA,#D3F9BC,#D3F9BC,#D3F9BC,#D3F9BC,#D3F8BA,#D5FABE,#D3F9BC,#D3F9BC,#D5FABD,#A8E61D,#D3F9BC,#D3F9BC,#D5FABE,#D5FABE,#D5F8BC,#D5F8BC
#D5FABE,#D3F9BC,#D3F9BC,#D3F9BC,#D3F9BC,#D3F9BC,#D3F8BA,#D5FABE,#D5FABD,#D3F9BC,#D3F9BC,#D5FABE,#D5FABE,#A8E61D,#A8E61D,#D3F9BC,#D5FABD,#D5FABD,#D5FABD,#D5FABE
#D3F9BC,#A8E61D,#D3F9BC,#D3F8BA,#D3F8BB,#D5FABE,#D5FABE,#D5FABE,#D3F9BC,#D5FABE,#D5FABE,#D5FABD,#D4F9BB,#D5F8BA,#A8E61D,#A8E61D,#D3F9BC,#D3F9BC,#D3F8BB,#D5F8BB
#D3F9BC,#A8E61D,#D5FABE,#D5FABD,#D5FABE,#D3F9BC,#D3F9BC,#D5FABE,#D5FABE,#D5FABE,#D4FABC,#D3F8BA,#D3F8BB,#22B14C,#A8E61D,#A8E61D,#D3F9BC,#D5F8BB,#D5FABE,#D5FABD
#D5FABE,#A8E61D,#D3F9BC,#D3F9BC,#D5FABE,#D5FABE,#D5FABE,#D5FABE,#D4F9BC,#D5F8BC,#D5F8BA,#D5F8BC,#D5FABE,#22B14C,#22B14C,#D3F9BC,#D3F9BC,#D3F9BC,#D3F9BC,#D3F9BC
#D3F9BC,#D3F9BC,#D5FABE,#D5FABE,#D5FABD,#D4F9BB,#D5F8BA,#D5F9BD,#A8E61D,#D5FABE,#D5FABE,#D5FABE,#D5F8BA,#D5FABE,#D3F9BC,#D3F9BC,#D3F9BC,#D3F9BC,#D3F8BB,#D3F8BA
#D5FABE,#D5FABE,#D5FABE,#D3F9BB,#D5F8BC,#D5F9BD,#D5FABE,#D5FABE,#D5FABD,#A8E61D,#D3F9BC,#D5FABE,#D5FABD,#D5FABE,#D3F9BC,#D3F9BC,#D4F9BB,#D4F8BA,#D3F9BC,#D6FABD
#D3F9BC,#D3F8BA,#D3F8BA,#D5F8BC,#D5FABE,#D5FABE,#D5FABE,#D3F8BA,#D3F8BA,#D3F8BA,#D5FABE,#D5FABE,#D3F9BC,#D3F8BA,#D4F9BB,#D3F8BA,#D5F9BD,#D5F8BC,#D5F9BC,#D5FABE
