#D5F8BA,#D3F8BA,#D5F8BA,#D5F8BA,#D5F8BA,#D5F8BA,#D5F8BA,#D3F9BC,#D3F9BC,#D3F9BC,#D3F9BC,#D3F9BC,#D3F9BC,#D3F9BC,#D3F9BC,#D3F9BC,#D3F9BC,#D3F9BC,#D3F9BC,#D3F9BC
#D5F8BA,#D5F8BA,#D5F8BA,#D5F8BA,#D5F8BA,#D5F8BA,#D5F8BA,#D3F9BC,#D3F9BC,#D3F9BC,#D3F9BC,#D3F9BC,#D3F9BC,#D3F9BC,#D3F9BC,#D3F9BC,#D3F9BC,#D3F9BC,#D3F9BC,#D3F9BC
#D5FABE,#D5FABE,#D5FABE,#D5FABE,#D5FABE,#A8E61D,#D5FABE,#D3F9BC,#D3F9BC,#D3F9BC,#D3F9BC,#D3F9BC,#D3F9BC,#D3F9BC,#D3F9BC,#D3F9BC,#D3F9BC,#D3F9BC,#D3F9BC,#D3F9BC
#D5FABE,#A8E61D,#A8E61D,#D3F9BC,#D3F9BC,#D3F9BC,#A8E61D,#D3F9BC,#D3F9BC,#D3F9BC,#D3F9BC,#D3F9BC,#D3F9BC,#D3F9BC,#A8E61D,#D3F9BC,#D3F9BC,#D3F9BC,#D3F9BC,#D3F9BC
#D5FABE,#A8E61D,#D5FABE,#D3F9BC,#D3F9BC,#D3F9BC,#D3F9BC,#D5FABE,#D3F9BC,#D3F9BC,#D3F9BC,#D3F9BC,#D3F9BC,#A8E61D,#D3F9BC,#D3F9BC,#D3F9BC,#D3F9BC,#D3F9BC,#D3F9BC
#D5FABE,#A8E61D,#D3F9BC,#D3F9BC,#D3F9BC,#D3F9BC,#D3F9BC,#D3F9BC,#D3F9BC,#D3F9BC,#D3F9BC,#D3F9BC,#D3F9BC,#A8E61D,#D3F9BC,#D3F9BC,#D3F9BC,#D3F9BC,#D3F9BC,#D3F9BC
#D5FABE,#A8E61D,#22B14C,#D3F9BC,#D3F9BC,#D3F9BC,#D3F9BC,#D3F9BC,#D3F9BC,#D3F9BC,#D3F9BC,#D3F9BC,#D3F9BC,#A8E61D,#D3F9BC,#D3F9BC,#D3F9BC,#D3F9BC,#D3F9BC,#D3F9BC
#D5FABE,#D5FABE,#D3F9BC,#D3F9BC,#D5FABE,#D5FABD,#D3F9BC,#D3F9BC,#D3F9BC,#D3F9BC,#D3F9BC,#D3F9BC,#D3F9BC,#D3F9BC,#D3F9BC,#D3F9BC,#D3F9BC,#D3F9BC,#D3F9BC,#D3F9BC
#D5FABE,#FFF200,#FFF200,#FFF200,#FFF200,#D5FABD,#D3F9BC,#D3F9BC,#D3F9BC,#D3F9BC,#D3F9BC,#D3F9BC,#D3F9BC,#D3F9BC,#D3F9BC,#D3F9BC,#D3F9BC,#D3F9BC,#D3F9BC,#D3F9BC
#FFF200,#FFF200,#99D9EA,#FFF200,#FFF200,#FFF200,#D3F9BC,#D3F9BC,#D3F9BC,#D3F9BC,#D3F9BC,#D3F9BC,#D3F9BC,#D3F9BC,#D3F9BC,#D3F9BC,#D3F9BC,#D3F9BC,#D3F9BC,#D3F9BC
#FFF200,#99D9EA,#99D9EA,#99D9EA,#99D9EA,#FFF200,#FFF200,#FFF200,#D3F9BC,#D3F9BC,#D3F9BC,#D3F9BC,#D3F9BC,#D3F9BC,#D3F9BC,#D3F9BC,#D3F9BC,#D3F9BC,#D3F9BC,#A8E61D
#99D9EA,#99D9EA,#4D6DF3,#4D6DF3,#99D9EA,#99D9EA,#99D9EA,#FFF200,#D3F9BC,#D3F9BC,#D3F9BC,#D3F9BC,#D3F9BC,#D3F9BC,#D3F9BC,#D3F9BC,#D3F9BC,#D3F9BC,#A8E61D,#D3F9BC
#4D6DF3,#4D6DF3,#4D6DF3,#4D6DF3,#4D6DF3,#99D9EA,#FFF200,#FFF200,#D3F9BC,#D3F9BC,#D3F9BC,#D3F9BC,#D3F9BC,#D3F9BC,#D3F9BC,#A8E61D,#D3F9BC,#D3F9BC,#A8E61D,#D3F9BC
#4D6DF3,#4D6DF3,#4D6DF3,#4D6DF3,#4D6DF3,#99D9EA,#FFF200,#FFF200,#D3F9BC,#D3F9BC,#D3F9BC,#D3F9BC,#D3F9BC,#D3F9BC,#D3F9BC,#D3F9BC,#A8E61D,#D3F9BC,#D3F9BC,#D3F9BC
#4D6DF3,#4D6DF3,#4D6DF3,#4D6DF3,#99D9EA,#99D9EA,#FFF200,#D3F9BC,#D3F9BC,#D3F9BC,#D3F9BC,#D3F9BC,#D3F9BC,#D3F9BC,#D3F9BC,#D3F9BC,#D3F9BC,#D3F9BC,#D3F9BC,#D3F9BC
#4D6DF3,#4D6DF3,#4D6DF3,#4D6DF3,#4D6DF3,#99D9EA,#FFF200,#FFF200,#FFF200,#FFF200,#FFF200,#D3F9BC,#D3F9BC,#A8E61D,#D3F9BC,#D3F9BC,#D3F9BC,#D3F9BC,#D3F9BC,#D3F9BC
#4D6DF3,#4D6DF3,#4D6DF3,#4D6DF3,#4D6DF3,#4D6DF3,#99D9EA,#99D9EA,#99D9EA,#99D9EA,#FFF200,#D3F9BC,#D3F9BC,#D3F9BC,#A8E61D,#A8E61D,#D3F9BC,#D3F9BC,#D3F9BC,#D3F9BC
#4D6DF3,#4D6DF3,#4D6DF3,#4D6DF3,#4D6DF3,#4D6DF3,#4D6DF3,#4D6DF3,#99D9EA,#FFF200,#FFF200,#D3F9BC,#D3F9BC,#D3F9BC,#A8E61D,#A8E61D,#D3F9BC,#D3F9BC,#D3F9BC,#D3F9BC
#4D6DF3,#99D9EA,#4D6DF3,#4D6DF3,#4D6DF3,#4D6DF3,#4D6DF3,#99D9EA,#99D9EA,#FFF200,#FFF200,#D3F9BC,#D3F9BC,#22B14C,#22B14C,#A8E61D,#D3F9BC,#D3F9BC,#D3F9BC,#D3F9BC
#4D6DF3,#4D6DF3,#4D6DF3,#4D6DF3,#4D6DF3,#4D6DF3,#4D6DF3,#99D9EA,#99D9EA,#FFF200,#FFF200,#D3F9BC,#D3F9BC,#D3F9BC,#D3F9BC,#D3F9BC,#D3F9BC,#D3F9BC,#D3F9BC,#D3F9BC
