#4D6DF3,#4D6DF3,#4D6DF3,#4D6DF3,#99D9EA,#4D6DF3,#4D6DF3,#4D6DF3,#4D6DF3,#4D6DF3,#4D6DF3,#4D6DF3,#4D6DF3,#4D6DF3,#4D6DF3,#4D6DF3,#4D6DF3,#4D6DF3,#4D6DF3,#4D6DF3
#4D6DF3,#4D6DF3,#4D6DF3,#4D6DF3,#4D6DF3,#4D6DF3,#4D6DF3,#4D6DF3,#4D6DF3,#4D6DF3,#4D6DF3,#4D6DF3,#4D6DF3,#4D6DF3,#4D6DF3,#4D6DF3,#4D6DF3,#4D6DF3,#4D6DF3,#4D6DF3
#4D6DF3,#4D6DF3,#4D6DF3,#4D6DF3,#4D6DF3,#4D6DF3,#4D6DF3,#4D6DF3,#4D6DF3,#4D6DF3,#4D6DF3,#4D6DF3,#4D6DF3,#4D6DF3,#4D6DF3,#99D9EA,#4D6DF3,#4D6DF3,#4D6DF3,#4D6DF3
#4D6DF3,#4D6DF3,#4D6DF3,#4D6DF3,#4D6DF3,#4D6DF3,#4D6DF3,#4D6DF3,#4D6DF3,#4D6DF3,#4D6DF3,#4D6DF3,#4D6DF3,#4D6DF3,#4D6DF3,#4D6DF3,#4D6DF3,#4D6DF3,#4D6DF3,#4D6DF3
#4D6DF3,#4D6DF3,#4D6DF3,#4D6DF3,#4D6DF3,#4D6DF3,#4D6DF3,#4D6DF3,#4D6DF3,#4D6DF3,#4D6DF3,#4D6DF3,#4D6DF3,#4D6DF3,#4D6DF3,#4D6DF3,#4D6DF3,#4D6DF3,#4D6DF3,#4D6DF3
#4D6DF3,#4D6DF3,#4D6DF3,#99D9EA,#4D6DF3,#4D6DF3,#4D6DF3,#99D9EA,#4D6DF3,#4D6DF3,#4D6DF3,#4D6DF3,#99D9EA,#4D6DF3,#4D6DF3,#4D6DF3,#4D6DF3,#4D6DF3,#4D6DF3,#4D6DF3
#4D6DF3,#4D6DF3,#4D6DF3,#4D6DF3,#4D6DF3,#4D6DF3,#4D6DF3,#4D6DF3,#4D6DF3,#4D6DF3,#4D6DF3,#4D6DF3,#4D6DF3,#4D6DF3,#4D6DF3,#4D6DF3,#4D6DF3,#4D6DF3,#4D6DF3,#4D6DF3
#4D6DF3,#4D6DF3,#4D6DF3,#4D6DF3,#4D6DF3,#4D6DF3,#4D6DF3,#4D6DF3,#4D6DF3,#4D6DF3,#4D6DF3,#4D6DF3,#4D6DF3,#4D6DF3,#4D6DF3,#4D6DF3,#4D6DF3,#4D6DF3,#4D6DF3,#4D6DF3
#4D6DF3,#4D6DF3,#4D6DF3,#4D6DF3,#4D6DF3,#4D6DF3,#4D6DF3,#4D6DF3,#4D6DF3,#4D6DF3,#4D6DF3,#4D6DF3,#4D6DF3,#4D6DF3,#4D6DF3,#4D6DF3,#4D6DF3,#99D9EA,#4D6DF3,#99D9EA
#4D6DF3,#4D6DF3,#4D6DF3,#4D6DF3,#4D6DF3,#4D6DF3,#4D6DF3,#99D9EA,#4D6DF3,#4D6DF3,#4D6DF3,#4D6DF3,#4D6DF3,#4D6DF3,#4D6DF3,#4D6DF3,#99D9EA,#FFF200,#99D9EA,#FFF200
#4D6DF3,#4D6DF3,#4D6DF3,#99D9EA,#4D6DF3,#4D6DF3,#4D6DF3,#4D6DF3,#4D6DF3,#4D6DF3,#4D6DF3,#4D6DF3,#4D6DF3,#4D6DF3,#99D9EA,#99D9EA,#99D9EA,#FFF200,#FFF200,#FFF200
#4D6DF3,#4D6DF3,#4D6DF3,#4D6DF3,#4D6DF3,#4D6DF3,#4D6DF3,#4D6DF3,#4D6DF3,#4D6DF3,#99D9EA,#99D9EA,#4D6DF3,#99D9EA,#99D9EA,#FFF200,#FFF200,#FFF200,#D3F9BC,#D3F9BC
#4D6DF3,#4D6DF3,#4D6DF3,#4D6DF3,#4D6DF3,#4D6DF3,#4D6DF3,#4D6DF3,#4D6DF3,#4D6DF3,#99D9EA,#99D9EA,#99D9EA,#FFF200,#99D9EA,#FFF200,#D3F9BC,#D3F9BC,#D3F9BC,#D3F9BC
#4D6DF3,#4D6DF3,#4D6DF3,#4D6DF3,#4D6DF3,#4D6DF3,#4D6DF3,#4D6DF3,#99D9EA,#99D9EA,#FFF200,#FFF200,#FFF200,#FFF200,#FFF200,#FFF200,#D3F9BC,#D3F9BC,#D3F9BC,#D3F9BC
#4D6DF3,#4D6DF3,#4D6DF3,#4D6DF3,#4D6DF3,#4D6DF3,#4D6DF3,#4D6DF3,#99D9EA,#FFF200,#FFF200,#D3F9BC,#D3F9BC,#D3F9BC,#D3F9BC,#D3F9BC,#D3F9BC,#D3F9BC,#D3F9BC,#D3F9BC
#4D6DF3,#4D6DF3,#4D6DF3,#4D6DF3,#4D6DF3,#4D6DF3,#4D6DF3,#99D9EA,#FFF200,#FFF200,#D3F9BC,#D3F9BC,#D3F9BC,#A8E61D,#D3F9BC,#D3F9BC,#D3F9BC,#D3F9BC,#D3F9BC,#A8E61D
#4D6DF3,#4D6DF3,#4D6DF3,#4D6DF3,#4D6DF3,#4D6DF3,#4D6DF3,#99D9EA,#FFF200,#D3F9BC,#D3F9BC,#D3F9BC,#D3F9BC,#A8E61D,#A8E61D,#D3F9BC,#D3F9BC,#D3F9BC,#A8E61D,#D3F9BC
#4D6DF3,#99D9EA,#4D6DF3,#4D6DF3,#4D6DF3,#4D6DF3,#4D6DF3,#99D9EA,#FFF200,#FFF200,#D3F9BC,#D3F9BC,#D3F9BC,#D3F9BC,#A8E61D,#D3F9BC,#D3F9BC,#D3F9BC,#D3F9BC,#D3F9BC
#4D6DF3,#4D6DF3,#4D6DF3,#4D6DF3,#4D6DF3,#4D6DF3,#4D6DF3,#4D6DF3,#99D9EA,#FFF200,#FFF200,#D3F9BC,#D3F9BC,#22B14C,#A8E61D,#D3F9BC,#D3F9BC,#D3F9BC,#D3F9BC,#D3F9BC
#4D6DF3,#4D6DF3,#4D6DF3,#4D6DF3,#4D6DF3,#4D6DF3,#4D6DF3,#4D6DF3,#99D9EA,#FFF200,#FFF200,#D3F9BC,#D3F9BC,#D3F9BC,#D3F9BC,#D3F9BC,#D3F9BC,#D3F9BC,#D3F9BC,#D3F9BC
