#4D6DF3,#4D6DF3,#4D6DF3,#4D6DF3,#4D6DF3,#4D6DF3,#4D6DF3,#4D6DF3,#4D6DF3,#4D6DF3,#4D6DF3,#4D6DF3,#4D6DF3,#4D6DF3,#99D9EA,#4D6DF3,#4D6DF3,#4D6DF3,#4D6DF3,#4D6DF3
#4D6DF3,#4D6DF3,#4D6DF3,#4D6DF3,#4D6DF3,#4D6DF3,#4D6DF3,#4D6DF3,#4D6DF3,#4D6DF3,#4D6DF3,#4D6DF3,#4D6DF3,#4D6DF3,#4D6DF3,#4D6DF3,#4D6DF3,#4D6DF3,#4D6DF3,#4D6DF3
#4D6DF3,#4D6DF3,#4D6DF3,#4D6DF3,#4D6DF3,#4D6DF3,#4D6DF3,#4D6DF3,#4D6DF3,#4D6DF3,#4D6DF3,#4D6DF3,#4D6DF3,#4D6DF3,#4D6DF3,#4D6DF3,#4D6DF3,#4D6DF3,#4D6DF3,#4D6DF3
#99D9EA,#4D6DF3,#4D6DF3,#4D6DF3,#4D6DF3,#4D6DF3,#4D6DF3,#4D6DF3,#4D6DF3,#4D6DF3,#4D6DF3,#4D6DF3,#4D6DF3,#4D6DF3,#4D6DF3,#4D6DF3,#4D6DF3,#4D6DF3,#4D6DF3,#4D6DF3
#4D6DF3,#4D6DF3,#4D6DF3,#4D6DF3,#4D6DF3,#4D6DF3,#4D6DF3,#4D6DF3,#4D6DF3,#4D6DF3,#4D6DF3,#99D9EA,#4D6DF3,#4D6DF3,#4D6DF3,#4D6DF3,#4D6DF3,#4D6DF3,#4D6DF3,#4D6DF3
#4D6DF3,#4D6DF3,#4D6DF3,#4D6DF3,#4D6DF3,#4D6DF3,#4D6DF3,#99D9EA,#4D6DF3,#4D6DF3,#4D6DF3,#4D6DF3,#4D6DF3,#4D6DF3,#4D6DF3,#4D6DF3,#99D9EA,#4D6DF3,#4D6DF3,#4D6DF3
#4D6DF3,#4D6DF3,#4D6DF3,#4D6DF3,#4D6DF3,#4D6DF3,#4D6DF3,#4D6DF3,#4D6DF3,#4D6DF3,#4D6DF3,#4D6DF3,#4D6DF3,#4D6DF3,#4D6DF3,#4D6DF3,#4D6DF3,#4D6DF3,#4D6DF3,#4D6DF3
#4D6DF3,#4D6DF3,#4D6DF3,#4D6DF3,#4D6DF3,#4D6DF3,#4D6DF3,#4D6DF3,#4D6DF3,#4D6DF3,#4D6DF3,#4D6DF3,#4D6DF3,#4D6DF3,#4D6DF3,#4D6DF3,#4D6DF3,#4D6DF3,#4D6DF3,#4D6DF3
#4D6DF3,#4D6DF3,#4D6DF3,#4D6DF3,#4D6DF3,#99D9EA,#4D6DF3,#4D6DF3,#4D6DF3,#4D6DF3,#4D6DF3,#4D6DF3,#4D6DF3,#4D6DF3,#4D6DF3,#4D6DF3,#4D6DF3,#4D6DF3,#4D6DF3,#4D6DF3
#4D6DF3,#4D6DF3,#4D6DF3,#4D6DF3,#4D6DF3,#4D6DF3,#4D6DF3,#4D6DF3,#4D6DF3,#4D6DF3,#4D6DF3,#4D6DF3,#4D6DF3,#4D6DF3,#4D6DF3,#4D6DF3,#4D6DF3,#4D6DF3,#4D6DF3,#4D6DF3
#4D6DF3,#4D6DF3,#4D6DF3,#4D6DF3,#4D6DF3,#4D6DF3,#4D6DF3,#4D6DF3,#4D6DF3,#4D6DF3,#4D6DF3,#4D6DF3,#4D6DF3,#4D6DF3,#4D6DF3,#99D9EA,#4D6DF3,#4D6DF3,#4D6DF3,#4D6DF3
#4D6DF3,#4D6DF3,#99D9EA,#4D6DF3,#4D6DF3,#4D6DF3,#4D6DF3,#4D6DF3,#4D6DF3,#4D6DF3,#4D6DF3,#4D6DF3,#4D6DF3,#4D6DF3,#4D6DF3,#4D6DF3,#4D6DF3,#4D6DF3,#4D6DF3,#4D6DF3
#4D6DF3,#4D6DF3,#4D6DF3,#4D6DF3,#4D6DF3,#4D6DF3,#4D6DF3,#4D6DF3,#4D6DF3,#4D6DF3,#99D9EA,#4D6DF3,#4D6DF3,#4D6DF3,#4D6DF3,#4D6DF3,#4D6DF3,#4D6DF3,#4D6DF3,#4D6DF3
#4D6DF3,#4D6DF3,#4D6DF3,#4D6DF3,#4D6DF3,#4D6DF3,#4D6DF3,#4D6DF3,#4D6DF3,#4D6DF3,#4D6DF3,#4D6DF3,#4D6DF3,#4D6DF3,#4D6DF3,#4D6DF3,#4D6DF3,#4D6DF3,#4D6DF3,#4D6DF3
#4D6DF3,#4D6DF3,#4D6DF3,#4D6DF3,#4D6DF3,#99D9EA,#4D6DF3,#4D6DF3,#4D6DF3,#4D6DF3,#4D6DF3,#4D6DF3,#4D6DF3,#4D6DF3,#4D6DF3,#4D6DF3,#4D6DF3,#4D6DF3,#4D6DF3,#4D6DF3
#4D6DF3,#4D6DF3,#4D6DF3,#4D6DF3,#99D9EA,#4D6DF3,#4D6DF3,#4D6DF3,#4D6DF3,#4D6DF3,#4D6DF3,#4D6DF3,#4D6DF3,#4D6DF3,#4D6DF3,#4D6DF3,#4D6DF3,#4D6DF3,#4D6DF3,#4D6DF3
#4D6DF3,#4D6DF3,#4D6DF3,#4D6DF3,#4D6DF3,#4D6DF3,#4D6DF3,#4D6DF3,#4D6DF3,#4D6DF3,#4D6DF3,#4D6DF3,#99D9EA,#4D6DF3,#4D6DF3,#4D6DF3,#4D6DF3,#4D6DF3,#4D6DF3,#4D6DF3
#4D6DF3,#4D6DF3,#4D6DF3,#4D6DF3,#4D6DF3,#4D6DF3,#4D6DF3,#4D6DF3,#4D6DF3,#4D6DF3,#4D6DF3,#4D6DF3,#4D6DF3,#4D6DF3,#4D6DF3,#99D9EA,#4D6DF3,#4D6DF3,#4D6DF3,#4D6DF3
#4D6DF3,#4D6DF3,#4D6DF3,#4D6DF3,#4D6DF3,#4D6DF3,#4D6DF3,#4D6DF3,#4D6DF3,#4D6DF3,#4D6DF3,#4D6DF3,#4D6DF3,#4D6DF3,#4D6DF3,#4D6DF3,#4D6DF3,#4D6DF3,#4D6DF3,#4D6DF3
#4D6DF3,#4D6DF3,#4D6DF3,#4D6DF3,#4D6DF3,#4D6DF3,#4D6DF3,#4D6DF3,#4D6DF3,#4D6DF3,#4D6DF3,#4D6DF3,#4D6DF3,#4D6DF3,#4D6DF3,#4D6DF3,#4D6DF3,#4D6DF3,#4D6DF3,#4D6DF3
